{"cameraMode":{"drawMode":0,"name":"Shaded","section":"Shading Mode"},"sceneLighting":false,"audioPlay":false,"sceneViewState":{"showFog":false,"showMaterialUpdate":false,"showSkybox":false,"showFlares":false,"showImageEffects":false,"showParticleSystems":true},"in2DMode":false,"pivot":{"x":299.49591064453127,"y":24.290904998779298,"z":226.26805114746095},"rotation":{"x":-0.025023257359862329,"y":0.9729928970336914,"z":-0.19065961241722108,"w":-0.12770132720470429},"size":17.983898162841798,"orthographic":true}