{"cameraMode":{"drawMode":0,"name":"Shaded","section":"Shading Mode"},"sceneLighting":true,"audioPlay":false,"sceneViewState":{"showFog":true,"showMaterialUpdate":false,"showSkybox":true,"showFlares":true,"showImageEffects":true,"showParticleSystems":true},"in2DMode":false,"pivot":{"x":5.45929479598999,"y":1.3605425357818604,"z":-3.137509346008301},"rotation":{"x":-0.0071894447319209579,"y":0.9867552518844605,"z":-0.15550804138183595,"w":-0.0456196591258049},"size":10.0,"orthographic":false}