{"cameraMode":{"drawMode":0,"name":"Shaded","section":"Shading Mode"},"sceneLighting":true,"audioPlay":false,"sceneViewState":{"showFog":true,"showMaterialUpdate":false,"showSkybox":true,"showFlares":true,"showImageEffects":true,"showParticleSystems":true},"in2DMode":false,"pivot":{"x":-4.231509685516357,"y":-8.307479858398438,"z":-11.344409942626954},"rotation":{"x":0.0030351970344781877,"y":-0.9210734367370606,"z":0.38931259512901308,"w":0.007181036286056042},"size":101.5873794555664,"orthographic":false}