{"cameraMode":{"drawMode":0,"name":"Shaded","section":"Shading Mode"},"sceneLighting":false,"audioPlay":false,"sceneViewState":{"showFog":true,"showMaterialUpdate":false,"showSkybox":true,"showFlares":true,"showImageEffects":true,"showParticleSystems":true},"in2DMode":false,"pivot":{"x":0.5238727927207947,"y":-0.5132447481155396,"z":1.1273109912872315},"rotation":{"x":0.14586274325847627,"y":0.013355190865695477,"z":-0.001969235483556986,"w":0.989213764667511},"size":3.892987012863159,"orthographic":false}