{"cameraMode":{"drawMode":0,"name":"Shaded","section":"Shading Mode"},"sceneLighting":false,"audioPlay":false,"sceneViewState":{"showFog":true,"showMaterialUpdate":false,"showSkybox":true,"showFlares":true,"showImageEffects":true,"showParticleSystems":true},"in2DMode":false,"pivot":{"x":5.960464477539063e-8,"y":0.7138001918792725,"z":0.0},"rotation":{"x":-0.003928416408598423,"y":-0.9951880574226379,"z":0.08711093664169312,"w":-0.04483717307448387},"size":3.6159636974334719,"orthographic":true}